{"Mean":{"confidence_interval":{"confidence_level":0.95,"lower_bound":13169.410347377065,"upper_bound":13323.095493519453},"point_estimate":13242.65658001758,"standard_error":39.2551175730277},"Median":{"confidence_interval":{"confidence_level":0.95,"lower_bound":13083.325232198142,"upper_bound":13181.556871345028},"point_estimate":13121.513147633454,"standard_error":31.84038672203396},"MedianAbsDev":{"confidence_interval":{"confidence_level":0.95,"lower_bound":164.73246797052187,"upper_bound":305.3433340856505},"point_estimate":220.8634637479288,"standard_error":36.19781757622659},"Slope":{"confidence_interval":{"confidence_level":0.95,"lower_bound":13191.473018526287,"upper_bound":13358.331412017771},"point_estimate":13268.586683129428,"standard_error":42.753751310681885},"StdDev":{"confidence_interval":{"confidence_level":0.95,"lower_bound":284.3693601986127,"upper_bound":491.46345963193033},"point_estimate":394.5153860255187,"standard_error":53.07819572381374}}