{"Mean":{"confidence_interval":{"confidence_level":0.95,"lower_bound":1.0792018727740168e-16,"upper_bound":3.028933812539412e-16},"point_estimate":1.881675387412083e-16,"standard_error":5.072246696106432e-17},"Median":{"confidence_interval":{"confidence_level":0.95,"lower_bound":5.3854634369109415e-17,"upper_bound":7.82618112612923e-17},"point_estimate":6.601853207420922e-17,"standard_error":6.744365275979009e-18},"MedianAbsDev":{"confidence_interval":{"confidence_level":0.95,"lower_bound":2.5281971524584458e-17,"upper_bound":5.760749106322024e-17},"point_estimate":4.178822255987432e-17,"standard_error":8.638110010780425e-18},"Slope":{"confidence_interval":{"confidence_level":0.95,"lower_bound":4.5666556063282363e-17,"upper_bound":5.277076264514557e-17},"point_estimate":4.8735212985150286e-17,"standard_error":1.8100676177822e-18},"StdDev":{"confidence_interval":{"confidence_level":0.95,"lower_bound":1.317388208011907e-16,"upper_bound":8.147998176231884e-16},"point_estimate":5.086403228520523e-16,"standard_error":1.9197988358048342e-16}}